chain,epitope,method,f1,retention
TRA,FLKEKGGL,label_cluster_tcremp,0.8750000000000001,0.17307692307692307
TRA,FLKEKGGL,label_cluster_giana,0.8214285714285715,0.21153846153846154
TRA,FLKEKGGL,label_cluster_ismart,0.9473684210526316,0.1282051282051282
TRA,LLQTGIHVRVSQPSL,label_cluster_tcremp,0.6,0.04560260586319218
TRA,LLQTGIHVRVSQPSL,label_cluster_giana,0.5454545454545454,0.10423452768729642
TRA,LLQTGIHVRVSQPSL,label_cluster_ismart,1.0,0.026058631921824105
TRA,KTFPPTEPK,label_cluster_tcremp,0.8571428571428571,0.09467455621301775
TRA,KTFPPTEPK,label_cluster_giana,0.2222222222222222,0.09467455621301775
TRA,KTFPPTEPK,label_cluster_ismart,0.0,0.011834319526627219
TRA,ELAGIGILTV,label_cluster_tcremp,0.8235294117647058,0.06334841628959276
TRA,ELAGIGILTV,label_cluster_giana,0.7639484978540773,0.13031674208144797
TRA,ELAGIGILTV,label_cluster_ismart,0.7741935483870968,0.034389140271493215
TRA,KRWIILGLNK,label_cluster_tcremp,0.9620253164556963,0.26282051282051283
TRA,KRWIILGLNK,label_cluster_giana,0.9083969465648856,0.3055555555555556
TRA,KRWIILGLNK,label_cluster_ismart,1.0,0.3055555555555556
TRA,NLVPMVATV,label_cluster_tcremp,0.9278579356270811,0.10211416490486258
TRA,NLVPMVATV,label_cluster_giana,0.86803105151729,0.16955602536997885
TRA,NLVPMVATV,label_cluster_ismart,0.9484029484029485,0.09048625792811839
TRA,PKYVKQNTLKLAT,label_cluster_tcremp,0.787878787878788,0.05154639175257732
TRA,PKYVKQNTLKLAT,label_cluster_giana,0.7037037037037037,0.09020618556701031
TRA,PKYVKQNTLKLAT,label_cluster_ismart,1.0,0.05154639175257732
TRA,GILGFVFTL,label_cluster_tcremp,0.9896602658788775,0.3373890167707991
TRA,GILGFVFTL,label_cluster_giana,0.961480740370185,0.34133508714238736
TRA,GILGFVFTL,label_cluster_ismart,0.9930795847750865,0.28707661953304836
TRA,KAFSPEVIPMF,label_cluster_tcremp,0.98989898989899,0.398406374501992
TRA,KAFSPEVIPMF,label_cluster_giana,0.9711538461538461,0.4262948207171315
TRA,KAFSPEVIPMF,label_cluster_ismart,0.870748299319728,0.33067729083665337
TRA,GLCTLVAML,label_cluster_tcremp,0.9874686716791979,0.20739219712525667
TRA,GLCTLVAML,label_cluster_giana,0.9354838709677419,0.27104722792607805
TRA,GLCTLVAML,label_cluster_ismart,0.989010989010989,0.188911704312115
TRA,GTSGSPIVNR,label_cluster_tcremp,0.955223880597015,0.20958083832335328
TRA,GTSGSPIVNR,label_cluster_giana,0.8205128205128205,0.2754491017964072
TRA,GTSGSPIVNR,label_cluster_ismart,0.9859154929577464,0.2155688622754491
TRA,YLQPRTFLL,label_cluster_tcremp,0.9961783439490446,0.4204909284951974
TRA,YLQPRTFLL,label_cluster_giana,0.9775880469583779,0.5112059765208111
TRA,YLQPRTFLL,label_cluster_ismart,0.9898167006109979,0.2646744930629669
TRA,TPQDLNTML,label_cluster_tcremp,0.8444444444444443,0.23636363636363636
TRA,TPQDLNTML,label_cluster_giana,0.8979591836734693,0.24545454545454545
TRA,TPQDLNTML,label_cluster_ismart,0.9743589743589743,0.18181818181818182
TRA,LLWNGPMAV,label_cluster_tcremp,0.8301886792452831,0.07579462102689487
TRA,LLWNGPMAV,label_cluster_giana,0.8695652173913044,0.22249388753056235
TRA,LLWNGPMAV,label_cluster_ismart,0.9259259259259259,0.07090464547677261
TRA,LLLGIGILV,label_cluster_tcremp,0.8148148148148148,0.06866952789699571
TRA,LLLGIGILV,label_cluster_giana,0.5128205128205129,0.12446351931330472
TRA,LLLGIGILV,label_cluster_ismart,0.8235294117647058,0.04291845493562232
TRA,NEGVKAAW,label_cluster_tcremp,0.7636363636363637,0.288135593220339
TRA,NEGVKAAW,label_cluster_giana,0.5652173913043478,0.2796610169491525
TRA,NEGVKAAW,label_cluster_ismart,0.631578947368421,0.22033898305084745
TRA,EIYKRWII,label_cluster_tcremp,0.9666666666666666,0.20261437908496732
TRA,EIYKRWII,label_cluster_giana,0.8524590163934427,0.22875816993464052
TRA,EIYKRWII,label_cluster_ismart,0.9767441860465117,0.1437908496732026
TRA,CINGVCWTV,label_cluster_tcremp,0.8636363636363636,0.07396449704142012
TRA,CINGVCWTV,label_cluster_giana,0.8648648648648648,0.1242603550295858
TRA,CINGVCWTV,label_cluster_ismart,0.9500000000000001,0.0621301775147929
TRA,TPRVTGGGAM,label_cluster_tcremp,0.9811320754716981,0.29347826086956524
TRA,TPRVTGGGAM,label_cluster_giana,0.9620253164556963,0.2971014492753623
TRA,TPRVTGGGAM,label_cluster_ismart,1.0,0.2826086956521739
TRA,RAKFKQLL,label_cluster_tcremp,0.9761904761904763,0.21717171717171718
TRA,RAKFKQLL,label_cluster_giana,0.9292929292929293,0.2676767676767677
TRA,RAKFKQLL,label_cluster_ismart,0.9855072463768115,0.17676767676767677
TRA,VTEHDTLLY,label_cluster_tcremp,0.7368421052631579,0.058823529411764705
TRA,VTEHDTLLY,label_cluster_giana,0.47619047619047616,0.1568627450980392
TRA,VTEHDTLLY,label_cluster_ismart,0.9333333333333333,0.0392156862745098
TRA,LPRRSGAAGA,label_cluster_tcremp,0.0,0.012903225806451613
TRA,LPRRSGAAGA,label_cluster_giana,0.45454545454545453,0.10967741935483871
TRA,LPRRSGAAGA,label_cluster_ismart,0.6666666666666666,0.025806451612903226
TRA,ATDALMTGY,label_cluster_tcremp,0.8979591836734693,0.16363636363636364
TRA,ATDALMTGY,label_cluster_giana,0.8372093023255813,0.30303030303030304
TRA,ATDALMTGY,label_cluster_ismart,0.8571428571428571,0.14545454545454545
TRA,KSKRTPMGF,label_cluster_tcremp,0.9795918367346939,0.2403846153846154
TRA,KSKRTPMGF,label_cluster_giana,0.9647058823529412,0.4230769230769231
TRA,KSKRTPMGF,label_cluster_ismart,1.0,0.1346153846153846
TRA,ATDALMTGF,label_cluster_tcremp,0.8333333333333333,0.2153846153846154
TRA,ATDALMTGF,label_cluster_giana,0.8307692307692308,0.2923076923076923
TRA,ATDALMTGF,label_cluster_ismart,0.9473684210526316,0.15384615384615385
TRA,QYIKWPWYI,label_cluster_tcremp,0.9523809523809523,0.0738255033557047
TRA,QYIKWPWYI,label_cluster_giana,0.923076923076923,0.04697986577181208
TRA,QYIKWPWYI,label_cluster_ismart,1.0,0.04697986577181208
TRA,TFEYVSQPFLMDLE,label_cluster_tcremp,0.9425287356321839,0.10176991150442478
TRA,TFEYVSQPFLMDLE,label_cluster_giana,0.9405940594059405,0.23672566371681417
TRA,TFEYVSQPFLMDLE,label_cluster_ismart,0.9500000000000001,0.046460176991150445
TRA,FRDYVDRFYKTLRAEQASQE,label_cluster_tcremp,0.9969230769230769,0.422279792746114
TRA,FRDYVDRFYKTLRAEQASQE,label_cluster_giana,0.9774011299435028,0.4689119170984456
TRA,FRDYVDRFYKTLRAEQASQE,label_cluster_ismart,0.994475138121547,0.47150259067357514
TRA,DATYQRTRALVR,label_cluster_tcremp,0.888888888888889,0.0970873786407767
TRA,DATYQRTRALVR,label_cluster_giana,0.8333333333333333,0.13592233009708737
TRA,DATYQRTRALVR,label_cluster_ismart,1.0,0.06796116504854369
TRA,LTDEMIAQY,label_cluster_tcremp,0.9,0.08527131782945736
TRA,LTDEMIAQY,label_cluster_giana,0.6896551724137931,0.14728682170542637
TRA,LTDEMIAQY,label_cluster_ismart,0.9655172413793104,0.11627906976744186
TRA,TTDPSFLGRY,label_cluster_tcremp,0.846153846153846,0.07142857142857142
TRA,TTDPSFLGRY,label_cluster_giana,0.7222222222222222,0.10952380952380952
TRA,TTDPSFLGRY,label_cluster_ismart,0.92,0.06428571428571428
TRA,GLIYNRMGAVTTEV,label_cluster_tcremp,0.6666666666666666,0.03333333333333333
TRA,GLIYNRMGAVTTEV,label_cluster_giana,0.8,0.05
TRA,GLIYNRMGAVTTEV,label_cluster_ismart,0.0,0.008333333333333333
TRA,QARQMVQAMRTIGTHP,label_cluster_tcremp,0.8181818181818181,0.1111111111111111
TRA,QARQMVQAMRTIGTHP,label_cluster_giana,0.6153846153846153,0.15384615384615385
TRA,QARQMVQAMRTIGTHP,label_cluster_ismart,1.0,0.10256410256410256
TRA,SFHSLHLLF,label_cluster_tcremp,0.972972972972973,0.13970588235294118
TRA,SFHSLHLLF,label_cluster_giana,0.9047619047619047,0.16911764705882354
TRA,SFHSLHLLF,label_cluster_ismart,0.967741935483871,0.11764705882352941
TRA,SPRWYFYYL,label_cluster_tcremp,0.7755102040816326,0.05555555555555555
TRA,SPRWYFYYL,label_cluster_giana,0.6969696969696969,0.07962962962962963
TRA,SPRWYFYYL,label_cluster_ismart,0.9600000000000001,0.04814814814814815
TRA,NLSALGIFST,label_cluster_tcremp,0.8571428571428571,0.07766990291262135
TRA,NLSALGIFST,label_cluster_giana,0.5217391304347826,0.1650485436893204
TRA,NLSALGIFST,label_cluster_ismart,0.8,0.02912621359223301
TRB,FLKEKGGL,label_cluster_tcremp,0.8750000000000001,0.17307692307692307
TRB,FLKEKGGL,label_cluster_giana,0.8214285714285715,0.21153846153846154
TRB,FLKEKGGL,label_cluster_ismart,0.9473684210526316,0.1282051282051282
TRB,LLQTGIHVRVSQPSL,label_cluster_tcremp,0.6,0.04560260586319218
TRB,LLQTGIHVRVSQPSL,label_cluster_giana,0.5454545454545454,0.10423452768729642
TRB,LLQTGIHVRVSQPSL,label_cluster_ismart,1.0,0.026058631921824105
TRB,KTFPPTEPK,label_cluster_tcremp,0.8571428571428571,0.09467455621301775
TRB,KTFPPTEPK,label_cluster_giana,0.2222222222222222,0.09467455621301775
TRB,KTFPPTEPK,label_cluster_ismart,0.0,0.011834319526627219
TRB,ELAGIGILTV,label_cluster_tcremp,0.8235294117647058,0.06334841628959276
TRB,ELAGIGILTV,label_cluster_giana,0.7639484978540773,0.13031674208144797
TRB,ELAGIGILTV,label_cluster_ismart,0.7741935483870968,0.034389140271493215
TRB,KRWIILGLNK,label_cluster_tcremp,0.9620253164556963,0.26282051282051283
TRB,KRWIILGLNK,label_cluster_giana,0.9083969465648856,0.3055555555555556
TRB,KRWIILGLNK,label_cluster_ismart,1.0,0.3055555555555556
TRB,NLVPMVATV,label_cluster_tcremp,0.9278579356270811,0.10211416490486258
TRB,NLVPMVATV,label_cluster_giana,0.86803105151729,0.16955602536997885
TRB,NLVPMVATV,label_cluster_ismart,0.9484029484029485,0.09048625792811839
TRB,PKYVKQNTLKLAT,label_cluster_tcremp,0.787878787878788,0.05154639175257732
TRB,PKYVKQNTLKLAT,label_cluster_giana,0.7037037037037037,0.09020618556701031
TRB,PKYVKQNTLKLAT,label_cluster_ismart,1.0,0.05154639175257732
TRB,GILGFVFTL,label_cluster_tcremp,0.9896602658788775,0.3373890167707991
TRB,GILGFVFTL,label_cluster_giana,0.961480740370185,0.34133508714238736
TRB,GILGFVFTL,label_cluster_ismart,0.9930795847750865,0.28707661953304836
TRB,KAFSPEVIPMF,label_cluster_tcremp,0.98989898989899,0.398406374501992
TRB,KAFSPEVIPMF,label_cluster_giana,0.9711538461538461,0.4262948207171315
TRB,KAFSPEVIPMF,label_cluster_ismart,0.870748299319728,0.33067729083665337
TRB,GLCTLVAML,label_cluster_tcremp,0.9874686716791979,0.20739219712525667
TRB,GLCTLVAML,label_cluster_giana,0.9354838709677419,0.27104722792607805
TRB,GLCTLVAML,label_cluster_ismart,0.989010989010989,0.188911704312115
TRB,GTSGSPIVNR,label_cluster_tcremp,0.955223880597015,0.20958083832335328
TRB,GTSGSPIVNR,label_cluster_giana,0.8205128205128205,0.2754491017964072
TRB,GTSGSPIVNR,label_cluster_ismart,0.9859154929577464,0.2155688622754491
TRB,YLQPRTFLL,label_cluster_tcremp,0.9961783439490446,0.4204909284951974
TRB,YLQPRTFLL,label_cluster_giana,0.9775880469583779,0.5112059765208111
TRB,YLQPRTFLL,label_cluster_ismart,0.9898167006109979,0.2646744930629669
TRB,TPQDLNTML,label_cluster_tcremp,0.8444444444444443,0.23636363636363636
TRB,TPQDLNTML,label_cluster_giana,0.8979591836734693,0.24545454545454545
TRB,TPQDLNTML,label_cluster_ismart,0.9743589743589743,0.18181818181818182
TRB,LLWNGPMAV,label_cluster_tcremp,0.8301886792452831,0.07579462102689487
TRB,LLWNGPMAV,label_cluster_giana,0.8695652173913044,0.22249388753056235
TRB,LLWNGPMAV,label_cluster_ismart,0.9259259259259259,0.07090464547677261
TRB,LLLGIGILV,label_cluster_tcremp,0.8148148148148148,0.06866952789699571
TRB,LLLGIGILV,label_cluster_giana,0.5128205128205129,0.12446351931330472
TRB,LLLGIGILV,label_cluster_ismart,0.8235294117647058,0.04291845493562232
TRB,NEGVKAAW,label_cluster_tcremp,0.7636363636363637,0.288135593220339
TRB,NEGVKAAW,label_cluster_giana,0.5652173913043478,0.2796610169491525
TRB,NEGVKAAW,label_cluster_ismart,0.631578947368421,0.22033898305084745
TRB,EIYKRWII,label_cluster_tcremp,0.9666666666666666,0.20261437908496732
TRB,EIYKRWII,label_cluster_giana,0.8524590163934427,0.22875816993464052
TRB,EIYKRWII,label_cluster_ismart,0.9767441860465117,0.1437908496732026
TRB,CINGVCWTV,label_cluster_tcremp,0.8636363636363636,0.07396449704142012
TRB,CINGVCWTV,label_cluster_giana,0.8648648648648648,0.1242603550295858
TRB,CINGVCWTV,label_cluster_ismart,0.9500000000000001,0.0621301775147929
TRB,TPRVTGGGAM,label_cluster_tcremp,0.9811320754716981,0.29347826086956524
TRB,TPRVTGGGAM,label_cluster_giana,0.9620253164556963,0.2971014492753623
TRB,TPRVTGGGAM,label_cluster_ismart,1.0,0.2826086956521739
TRB,RAKFKQLL,label_cluster_tcremp,0.9761904761904763,0.21717171717171718
TRB,RAKFKQLL,label_cluster_giana,0.9292929292929293,0.2676767676767677
TRB,RAKFKQLL,label_cluster_ismart,0.9855072463768115,0.17676767676767677
TRB,VTEHDTLLY,label_cluster_tcremp,0.7368421052631579,0.058823529411764705
TRB,VTEHDTLLY,label_cluster_giana,0.47619047619047616,0.1568627450980392
TRB,VTEHDTLLY,label_cluster_ismart,0.9333333333333333,0.0392156862745098
TRB,LPRRSGAAGA,label_cluster_tcremp,0.0,0.012903225806451613
TRB,LPRRSGAAGA,label_cluster_giana,0.45454545454545453,0.10967741935483871
TRB,LPRRSGAAGA,label_cluster_ismart,0.6666666666666666,0.025806451612903226
TRB,ATDALMTGY,label_cluster_tcremp,0.8979591836734693,0.16363636363636364
TRB,ATDALMTGY,label_cluster_giana,0.8372093023255813,0.30303030303030304
TRB,ATDALMTGY,label_cluster_ismart,0.8571428571428571,0.14545454545454545
TRB,KSKRTPMGF,label_cluster_tcremp,0.9795918367346939,0.2403846153846154
TRB,KSKRTPMGF,label_cluster_giana,0.9647058823529412,0.4230769230769231
TRB,KSKRTPMGF,label_cluster_ismart,1.0,0.1346153846153846
TRB,ATDALMTGF,label_cluster_tcremp,0.8333333333333333,0.2153846153846154
TRB,ATDALMTGF,label_cluster_giana,0.8307692307692308,0.2923076923076923
TRB,ATDALMTGF,label_cluster_ismart,0.9473684210526316,0.15384615384615385
TRB,QYIKWPWYI,label_cluster_tcremp,0.9523809523809523,0.0738255033557047
TRB,QYIKWPWYI,label_cluster_giana,0.923076923076923,0.04697986577181208
TRB,QYIKWPWYI,label_cluster_ismart,1.0,0.04697986577181208
TRB,TFEYVSQPFLMDLE,label_cluster_tcremp,0.9425287356321839,0.10176991150442478
TRB,TFEYVSQPFLMDLE,label_cluster_giana,0.9405940594059405,0.23672566371681417
TRB,TFEYVSQPFLMDLE,label_cluster_ismart,0.9500000000000001,0.046460176991150445
TRB,FRDYVDRFYKTLRAEQASQE,label_cluster_tcremp,0.9969230769230769,0.422279792746114
TRB,FRDYVDRFYKTLRAEQASQE,label_cluster_giana,0.9774011299435028,0.4689119170984456
TRB,FRDYVDRFYKTLRAEQASQE,label_cluster_ismart,0.994475138121547,0.47150259067357514
TRB,DATYQRTRALVR,label_cluster_tcremp,0.888888888888889,0.0970873786407767
TRB,DATYQRTRALVR,label_cluster_giana,0.8333333333333333,0.13592233009708737
TRB,DATYQRTRALVR,label_cluster_ismart,1.0,0.06796116504854369
TRB,LTDEMIAQY,label_cluster_tcremp,0.9,0.08527131782945736
TRB,LTDEMIAQY,label_cluster_giana,0.6896551724137931,0.14728682170542637
TRB,LTDEMIAQY,label_cluster_ismart,0.9655172413793104,0.11627906976744186
TRB,TTDPSFLGRY,label_cluster_tcremp,0.846153846153846,0.07142857142857142
TRB,TTDPSFLGRY,label_cluster_giana,0.7222222222222222,0.10952380952380952
TRB,TTDPSFLGRY,label_cluster_ismart,0.92,0.06428571428571428
TRB,GLIYNRMGAVTTEV,label_cluster_tcremp,0.6666666666666666,0.03333333333333333
TRB,GLIYNRMGAVTTEV,label_cluster_giana,0.8,0.05
TRB,GLIYNRMGAVTTEV,label_cluster_ismart,0.0,0.008333333333333333
TRB,QARQMVQAMRTIGTHP,label_cluster_tcremp,0.8181818181818181,0.1111111111111111
TRB,QARQMVQAMRTIGTHP,label_cluster_giana,0.6153846153846153,0.15384615384615385
TRB,QARQMVQAMRTIGTHP,label_cluster_ismart,1.0,0.10256410256410256
TRB,SFHSLHLLF,label_cluster_tcremp,0.972972972972973,0.13970588235294118
TRB,SFHSLHLLF,label_cluster_giana,0.9047619047619047,0.16911764705882354
TRB,SFHSLHLLF,label_cluster_ismart,0.967741935483871,0.11764705882352941
TRB,SPRWYFYYL,label_cluster_tcremp,0.7755102040816326,0.05555555555555555
TRB,SPRWYFYYL,label_cluster_giana,0.6969696969696969,0.07962962962962963
TRB,SPRWYFYYL,label_cluster_ismart,0.9600000000000001,0.04814814814814815
TRB,NLSALGIFST,label_cluster_tcremp,0.8571428571428571,0.07766990291262135
TRB,NLSALGIFST,label_cluster_giana,0.5217391304347826,0.1650485436893204
TRB,NLSALGIFST,label_cluster_ismart,0.8,0.02912621359223301
